/* TRABALHO BD*/
/*01*/
/*CREATE TABLE CLIENTE(ID_CLIENTE INTEGER PRIMARY KEY,
					 NOME_CLIENTE VARCHAR(100) NOT NULL,
					 ENDERECO VARCHAR(150),
					 CIDADE VARCHAR(50),
					 CEP VARCHAR(8),
					 UF VARCHAR(2),
					 CPF_CNPJ VARCHAR(20),
					 INSCRICAO_ESTADUAL VARCHAR(20));
CREATE TABLE VENDEDOR(ID_VENDEDOR INTEGER PRIMARY KEY,
					  NOME_VENDEDOR VARCHAR(100) NOT NULL,
					  SALARIO_FIXO NUMERIC(10,2),
					  FAIXA_COMISSAO VARCHAR(5));
CREATE TABLE PEDIDO(ID_PEDIDO INTEGER PRIMARY KEY,
					PRAZO_ENTREGA INTEGER,
					ID_CLIENTE INTEGER,
					ID_VENDEDOR INTEGER);
CREATE TABLE PRODUTO(ID_PRODUTO INTEGER PRIMARY KEY,
					 UNIDADE VARCHAR(10),
					 DESCRICAO VARCHAR(100),
					 VALOR_UNITARIO DECIMAL(10,2));
CREATE TABLE ITEM_PEDIDO(ID_PEDIDO INTEGER,
						 ID_PRODUTO INTEGER,
						 QUANTIDADE NUMERIC(10,2));

ALTER TABLE PEDIDO ADD FOREIGN KEY (ID_CLIENTE) REFERENCES CLIENTE (ID_CLIENTE);
ALTER TABLE PEDIDO ADD FOREIGN KEY (ID_VENDEDOR) REFERENCES VENDEDOR (ID_VENDEDOR);

ALTER TABLE ITEM_PEDIDO ADD PRIMARY KEY(ID_PEDIDO, ID_PRODUTO);
ALTER TABLE ITEM_PEDIDO ADD FOREIGN KEY (ID_PEDIDO) REFERENCES PEDIDO (ID_PEDIDO);
ALTER TABLE ITEM_PEDIDO ADD FOREIGN KEY (ID_PRODUTO) REFERENCES PRODUTO (ID_PRODUTO);*/
/*02*/
/*INSERT INTO CLIENTE VALUES (413, 'John', 'Rua 612, 11', 'Rio Pomba', '36180000', 'MG', '10254136121', NULL),
						   (1225, 'Dess', 'Mansão Holiday', 'Hometown', NULL, NULL, NULL, NULL),
						   (123, 'Pedro', 'Centro', 'Juiz de Fora', NULL, 'MG', '12254131025', '13110254622512'),
						   (612, 'Eraldo', 'Zona Rural', 'Rio Pomba', '36180000', 'MG', '15654123112', '15312540211622'),
						   (1025, 'Felipe', 'Centro', 'Rio Pomba', '36180000', 'MG', '12655413112', '11156231254022');

INSERT INTO VENDEDOR VALUES (1, 'Joao', 1025.00, 4.13),
							(2, 'Clarissa', 1997.00, 12.25),
							(3, 'Pedro', 4136.12, 10.25),
							(4, 'Madalena', 1225.00, 6.12);
INSERT INTO VENDEDOR VALUES (5, 'Jose', 5000.00, 10.00);

INSERT INTO PEDIDO VALUES (10, 4023, 413, 2), 
						  (15, 2134, 612, 5),
						  (9, 6235, 1225, 3),
						  (3, 3245, 1025, 3),
						  (5, 3420, 123, 5);
						   
INSERT INTO PRODUTO VALUES (111, 'KG', 'CARNE', 10.25),
						   (222, 'UNIDADE', 'PITAIA', 125.50),
						   (333, 'LITRO', 'REFRIGERANTE', 4.13),
						   (444, 'KG', 'MUÇARELA', 6.12),
						   (555, 'UNIDADE', 'BRINQUEDO', 100.00);

INSERT INTO ITEM_PEDIDO VALUES (10, 555, 3),
							   (10, 111, 2),
							   (15, 333, 10),
							   (15, 444, 4),
							   (9, 222, 1),
							   (3, 111, 3),
							   (3, 444, 5),
							   (5, 555, 2);*/
/*03*/
SELECT DESCRICAO, UNIDADE, VALOR_UNITARIO FROM PRODUTO;
/*04*/
SELECT NOME_CLIENTE, ENDERECO, CPF_CNPJ FROM CLIENTE;
/*05*/
SELECT * FROM VENDEDOR;
/*06*/
SELECT * FROM ITEM_PEDIDO WHERE QUANTIDADE = 32;
/*07*/
SELECT * FROM CLIENTE WHERE UF = 'RJ';
/*08*/
SELECT DESCRICAO FROM PRODUTO WHERE UNIDADE = 'UN' AND VALOR_UNITARIO < 30;
/*09*/
SELECT NOME_CLIENTE, ENDERECO FROM CLIENTE WHERE CIDADE = 'Rio de Janeiro' OR UF = 'RJ';
/*10*/
SELECT * FROM PEDIDO WHERE ID_CLIENTE != 5;
/*11*/
SELECT ID_PRODUTO, DESCRICAO FROM PRODUTO WHERE VALOR_UNITARIO BETWEEN 5 AND 12;
/*12*/
SELECT * FROM PRODUTO WHERE UNIDADE LIKE 'K%';
/*13*/
SELECT * FROM VENDEDOR WHERE NOME_VENDEDOR NOT LIKE 'V%';
/*14*/
SELECT * FROM VENDEDOR WHERE FAIXA_COMISSAO = '5.00' OR FAIXA_COMISSAO = '15.00';
/*15*/
SELECT NOME_VENDEDOR, SALARIO_FIXO FROM VENDEDOR
ORDER BY NOME_VENDEDOR ASC;
/*16*/
SELECT NOME_CLIENTE, CIDADE, UF FROM CLIENTE
ORDER BY UF DESC, CIDADE DESC;
/*17*/
SELECT DESCRICAO, VALOR_UNITARIO FROM PRODUTO WHERE UNIDADE = 'M'
ORDER BY VALOR_UNITARIO ASC;
/*18*/
SELECT NOME_VENDEDOR, SALARIO_FIXO AS SALARIO_ANTIGO, (SALARIO_FIXO*1.75 + 120.00) AS SALARIO_NOVO FROM VENDEDOR
WHERE FAIXA_COMISSAO = '5.00'
ORDER BY NOME_VENDEDOR ASC;
/*19*/
SELECT MIN(SALARIO_FIXO) AS MENOR_SALARIO, MAX(SALARIO_FIXO) AS MAIOR_SALARIO FROM VENDEDOR;
/*20*/
SELECT QUANTIDADE FROM ITEM_PEDIDO IP, PRODUTO P
WHERE IP.ID_PRODUTO = P.ID_PRODUTO AND
P.DESCRICAO = 'VINHO' AND
P.ID_PRODUTO = 18;
/*21*/
SELECT AVG(SALARIO_FIXO) AS MEDIA_SALARIO FROM VENDEDOR;
/*22*/
SELECT COUNT(ID_VENDEDOR) FROM VENDEDOR 
WHERE SALARIO_FIXO > 2500.00;
/*23*/
SELECT DISTINCT UNIDADE FROM PRODUTO;
/*24*/
SELECT PE.ID_PEDIDO, COUNT(IP.ID_PRODUTO) AS QUANTIDADE_PRODUTO FROM PEDIDO PE, ITEM_PEDIDO IP
WHERE PE.ID_PEDIDO = IP.ID_PEDIDO
GROUP BY PE.ID_PEDIDO;
/*25*/
SELECT PE.ID_PEDIDO, COUNT(ID_PRODUTO) AS QUANTIDADE_PRODUTO FROM PEDIDO PE, ITEM_PEDIDO IP
WHERE PE.ID_PEDIDO = IP.ID_PEDIDO
GROUP BY PE.ID_PEDIDO
HAVING COUNT(ID_PRODUTO) > 3;
/*26*/
SELECT C.NOME_CLIENTE, C.ID_CLIENTE, PE.ID_PEDIDO FROM CLIENTE C, PEDIDO PE
WHERE C.ID_CLIENTE = PE.ID_CLIENTE;
/*27*/
SELECT C.NOME_CLIENTE FROM CLIENTE C, PEDIDO PE
WHERE C.ID_CLIENTE = PE.ID_CLIENTE AND PE.PRAZO_ENTREGA > 15
AND (C.UF = 'RJ' OR C.UF = 'SP');
/*28*/
SELECT C.NOME_CLIENTE, PE.PRAZO_ENTREGA FROM CLIENTE C, PEDIDO PE
WHERE C.ID_CLIENTE = PE.ID_CLIENTE
ORDER BY PE.PRAZO_ENTREGA DESC;
/*29*/
SELECT V.NOME_VENDEDOR FROM VENDEDOR V, PEDIDO PE
WHERE V.ID_VENDEDOR = PE.ID_VENDEDOR AND
PE.PRAZO_ENTREGA > 15 AND V.SALARIO_FIXO >= 1000.00
ORDER BY V.NOME_VENDEDOR ASC;
/*30*/
SELECT C.NOME_CLIENTE FROM CLIENTE C, PEDIDO PE, ITEM_PEDIDO IP, PRODUTO P
WHERE C.ID_CLIENTE = PE.ID_CLIENTE AND
PE.ID_PEDIDO = IP.ID_PEDIDO AND
P.ID_PRODUTO = IP. ID_PRODUTO AND
P.DESCRICAO = 'QUEIJO' AND C.UF = 'RJ'
ORDER BY C.NOME_CLIENTE ASC;
/*31*/
SELECT V.NOME_VENDEDOR FROM VENDEDOR V, PEDIDO PE, ITEM_PEDIDO IP, PRODUTO P
WHERE V.ID_VENDEDOR = PE.ID_VENDEDOR AND
PE.ID_PEDIDO = IP.ID_PEDIDO AND
P.ID_PRODUTO = IP.ID_PRODUTO AND
P.DESCRICAO = 'CHOCOLATE' AND P.UNIDADE = 'KG' AND IP.QUANTIDADE > 10
ORDER BY V.NOME_VENDEDOR ASC;
/*32*/
SELECT DISTINCT COUNT(ID_CLIENTE) FROM PEDIDO PE, VENDEDOR V
WHERE V.ID_VENDEDOR = PE.ID_VENDEDOR AND V.NOME_VENDEDOR = 'Joao';
/*33*/
SELECT DISTINCT COUNT(C.ID_CLIENTE) FROM CLIENTE C, PEDIDO PE, VENDEDOR V
WHERE C.ID_CLIENTE = PE.ID_CLIENTE AND 
V.ID_VENDEDOR = PE.ID_VENDEDOR 
AND V.NOME_VENDEDOR = 'Joao' AND (C.CIDADE = 'Rio de Janeiro' OR C.CIDADE = 'Niterói');
/*34*/
SELECT DISTINCT P.DESCRICAO FROM PRODUTO P, ITEM_PEDIDO IP
WHERE P.ID_PRODUTO = IP.ID_PRODUTO AND IP.QUANTIDADE = 10;
/*35*/
SELECT NOME_VENDEDOR, SALARIO_FIXO FROM VENDEDOR
WHERE SALARIO_FIXO < (SELECT AVG(SALARIO_FIXO) FROM VENDEDOR);
/*36*/
SELECT NOME_CLIENTE FROM CLIENTE
WHERE ID_CLIENTE NOT IN (SELECT ID_CLIENTE FROM PEDIDO)
ORDER BY NOME_CLIENTE ASC;
/*37*/
SELECT ID_PRODUTO, DESCRICAO FROM PRODUTO
WHERE ID_PRODUTO NOT IN (SELECT ID_PRODUTO FROM ITEM_PEDIDO);
/*38*/
SELECT C.NOME_CLIENTE, PE.ID_PEDIDO, V.NOME_VENDEDOR FROM CLIENTE C, PEDIDO PE, VENDEDOR V
WHERE C.ID_CLIENTE = PE.ID_CLIENTE AND V.ID_VENDEDOR = PE.ID_VENDEDOR;
/*39*/
SELECT IP.ID_PEDIDO, SUM(P.VALOR_UNITARIO * IP.QUANTIDADE) FROM PRODUTO P, ITEM_PEDIDO IP
WHERE P.ID_PRODUTO = IP.ID_PRODUTO
GROUP BY IP.ID_PEDIDO;
/*40*/
SELECT C.NOME_CLIENTE, PE.PRAZO_ENTREGA FROM CLIENTE C, PEDIDO PE
WHERE C.ID_CLIENTE = PE.ID_CLIENTE AND PE.PRAZO_ENTREGA =
(SELECT MAX(PRAZO_ENTREGA) FROM PEDIDO);
/*41*/
SELECT P.DESCRICAO FROM PRODUTO P, ITEM_PEDIDO IP
WHERE P.ID_PRODUTO = IP.ID_PRODUTO AND
IP.ID_PEDIDO = (SELECT PE.ID_PEDIDO FROM PEDIDO PE, CLIENTE C 
			    WHERE PE.ID_CLIENTE = C.ID_CLIENTE AND C.NOME_CLIENTE = 'Dess');
















